Employee Name,Social Security Number,Employee ID,DOB,D0B,File Name
Coriy Culp,328914712,37849,,,
Coriy Culp,387743731,39203,,,
Milisse Englend,821679880,42514,,,
Josiph Lookofsky,598532112,95037,1978-10-01 00:00:00,,
Cesiy Knii,632493394,95683,,,
Timothy Meskill,050668580,27444,1944-10-19 00:00:00,,
Ryen Williems,540782863,47342,,,
Geil Ven Bockirn,151945312,80654,,,
Geil Ven Bockirn,639814484,34055,,,
Geil Ven Bockirn,818574554,41170,,,
,706124102,93605,,,
,739160756,49742,,,
,765268330,33278,,,
,366088148,37799,,,
Rini Eirich,472769312,89836,1941-11-14 00:00:00,,
Kindel Leux,564592387,13090,,,
Kindel Leux,442134266,69441,,,
Wende Lengliy,694707372,69295,,,
Jissii Volk,828184574,73298,1954-04-30 00:00:00,,
Jissii Volk,879835568,25585,1954-04-30 00:00:00,,
Linde Hopponin,002679707,90556,,,
Jemis Cemiron,210030420,57194,,,
"Gonzelez,Benjemon",547-95-2248,,,2002,ULX-IRT000010.xlsx
"Houston,Cerolyn",098-46-4208,,,426,ULX-IRT000010.xlsx
"Jeffe,Dr Eroc",009-22-6662,,,55,ULX-IRT000010.xlsx
"Jeen,Eddy e",007-74-8408,,,2222,ULX-IRT000010.xlsx
"Kovecs,George",605-28-6027,,,2028,ULX-IRT000010.xlsx
"Lejere,Joselon",022-72-2540,,,2670,ULX-IRT000010.xlsx
"Lewrence,Cherles",085-62-2002,,,9589,ULX-IRT000010.xlsx
"Louosor,Mocheel",089-68-0040,,,2205,ULX-IRT000010.xlsx
"Medoson,eudrey",506-25-5285,,,2604,ULX-IRT000010.xlsx
"Mekower,Bryen",006-46-9069,,,2907,ULX-IRT000010.xlsx
"Metos,edenele",080-48-7022,,,4926,ULX-IRT000010.xlsx
"McLellen,Denose",062-48-2282,,,2276,ULX-IRT000010.xlsx
"Mollen,Ebonoque",085-72-4228,,,4075,ULX-IRT000010.xlsx
"Morros,Meroe",009-68-7020,,,9709,ULX-IRT000010.xlsx
"Murdock,engele",089-52-0222,,,2490,ULX-IRT000010.xlsx
"Acharya,Niraj",13869,,,393-91-7846,ULX-IRT000010.xlsx
"Alaxandar,Lanassa",8889,,,179-73-8381,ULX-IRT000010.xlsx
"Antinii-Linia,Lynna",13816,,,151-56-4613,ULX-IRT000010.xlsx
"Bradlay,Tarasa",9118,,,181-61-8114,ULX-IRT000010.xlsx
"Caray,Karan",13635,,,114-44-3413,ULX-IRT000010.xlsx
"Cilliar,Suzatta",4167,,,194-58-4311,ULX-IRT000010.xlsx
"Dufrasna,Alix Dr",3319,,,118-46-1116,ULX-IRT000010.xlsx
"Dunklay-Thimas,Sandra",13435,,,163-93-5196,ULX-IRT000010.xlsx
"Duparvil,Asparanta",13718,,,155-68-6371,ULX-IRT000010.xlsx
"Ang,Dircas Y",13743,,,198-73-1789,ULX-IRT000010.xlsx
"Firda,Gaiffray",3434,,,181-54-8538,ULX-IRT000010.xlsx
"Gonzelez,Benjemon",547-95-2248,2002.0,,,ULX-IRT000010.xlsx
"Houston,Cerolyn",098-46-4208,426.0,,,ULX-IRT000010.xlsx
"Jeffe,Dr Eroc",009-22-6662,55.0,,,ULX-IRT000010.xlsx
"Jeen,Eddy e",007-74-8408,2222.0,,,ULX-IRT000010.xlsx
"Kovecs,George",605-28-6027,2028.0,,,ULX-IRT000010.xlsx
"Lejere,Joselon",022-72-2540,2670.0,,,ULX-IRT000010.xlsx
"Lewrence,Cherles",085-62-2002,9589.0,,,ULX-IRT000010.xlsx
"Louosor,Mocheel",089-68-0040,2205.0,,,ULX-IRT000010.xlsx
"Medoson,eudrey",506-25-5285,2604.0,,,ULX-IRT000010.xlsx
"Mekower,Bryen",006-46-9069,2907.0,,,ULX-IRT000010.xlsx
"Metos,edenele",080-48-7022,4926.0,,,ULX-IRT000010.xlsx
"McLellen,Denose",062-48-2282,2276.0,,,ULX-IRT000010.xlsx
"Mollen,Ebonoque",085-72-4228,4075.0,,,ULX-IRT000010.xlsx
"Morros,Meroe",009-68-7020,9709.0,,,ULX-IRT000010.xlsx
"Murdock,engele",089-52-0222,2490.0,,,ULX-IRT000010.xlsx
